jop_title,company_name,date,company_location,skills,salary,jop_requrement
Python and Javascript Machine Learning Engineer (NLP - Natural Language Processing),GetTechForce.com -,7 hours ago,"Cairo, Egypt ",Full TimeWork From HomeExperienced  3+ Yrs of Exp  IT/Software Development  Engineering - Telecom/Technology  Engineering - Other  Flask  Python  Software Development  Computer Science  Information Technology (IT)  Frameworks  Kubernetes,/jobs/p/DgaOYxVHPUE7-Python-and-Javascript-Machine-Learning-Engineer-NLP---Natural-Language-Processing-GetTechForce-com-Cairo-Egypt?o=1&l=sp&t=sj&a=python|search-v3|hpb,,
Python Backend Web Developer (Django),Trendster -,4 days ago,"New Cairo, Cairo, Egypt ",Full TimeWork From HomeExperienced  3 - 5 Yrs of Exp  IT/Software Development  APIs  AWS  Computer Science  Django  Information Technology (IT)  Python  REST  PostgreSQL  Software Development,/jobs/p/23hPZa3mBQYM-Python-Backend-Web-Developer-Django-Trendster-Cairo-Egypt?o=2&l=sp&t=sj&a=python|search-v3|hpb,,
Python Developer,tawasolmap -,1 day ago,"Dokki, Giza, Egypt ",Full TimeExperienced  2 - 10 Yrs of Exp  IT/Software Development  Socket Programming  Python  APIs,/jobs/p/UUttfdGdh7u0-Python-Developer-tawasolmap-Giza-Egypt?o=3&l=sp&t=sj&a=python|search-v3|hpb,,
Senior Python Full Stack Developer,Premier Services and Recruitment -,3 days ago,"Cairo, Egypt ",Full TimeExperienced  4 - 6 Yrs of Exp  IT/Software Development  Full Stack Developer  Python  Software Development  Computer Science  Full Stack  developer,/jobs/p/DDnEyqosr2i2-Senior-Python-Full-Stack-Developer-Premier-Services-and-Recruitment-Cairo-Egypt?o=4&l=sp&t=sj&a=python|search-v3|hpb,,
Python Developer,Confidential -,10 days ago,"New Cairo, Cairo, Egypt ",Full TimeExperienced  4 - 6 Yrs of Exp  IT/Software Development  Django  Flask  UI/UX  RESTful APIs  Unit Testing  Solid Edge  Front-End Development  Back-End Development,/jobs/p/tiTmZoA7L8RW-Python-Developer-Cairo-Egypt?o=5&l=sp&t=sj&a=python|search-v3|hpb,,
Python Developer,Afaqy -,22 days ago,"Maadi, Cairo, Egypt ",Full TimeExperienced  2 - 4 Yrs of Exp  IT/Software Development  Computer Science  Software Development  Python,/jobs/p/a2ENUAzazUGj-Python-Developer-Afaqy-Cairo-Egypt?o=6&l=sp&t=sj&a=python|search-v3|hpb,,
Python Developer,GetTechForce.com -,22 days ago,"Cairo, Egypt ",Full TimeWork From HomeExperienced  3+ Yrs of Exp  IT/Software Development  Engineering - Telecom/Technology  Engineering - Other  Flask  Python  Software Development  Computer Science  Information Technology (IT)  Frameworks  Kubernetes,/jobs/p/BfvVVblCaMEg-Python-Developer-GetTechForce-com-Cairo-Egypt?o=7&l=sp&t=sj&a=python|search-v3|hpb,,
Python Developer,OdooTec -,29 days ago,"New Cairo, Cairo, Egypt ",Full TimeEntry Level  1 - 2 Yrs of Exp  IT/Software Development  Engineering - Telecom/Technology  Odoo  MVC  Information Technology (IT)  Computer Science  Python  Software Development  CSS  Design,/jobs/p/KSVJ4un64xm6-Python-Developer-OdooTec-Cairo-Egypt?o=8&l=sp&t=sj&a=python|search-v3|hpb,,
Python Developer (FinTech),Bright Creations -,1 month ago,"Smart Village, Giza, Egypt ",Full TimeFreelance / ProjectExperienced  2+ Yrs of Exp  IT/Software Development  Engineering - Telecom/Technology  Python  Django  Flask  Python Scripting  Web Scraping  WWeb Scraping  CI  Computer Science,/jobs/p/VRTUIy6Cz0Yn-Python-Developer-FinTech-Bright-Creations-Giza-Egypt?o=9&l=sp&t=sj&a=python|search-v3|hpb,,
Python Django Developer,Confidential -,1 month ago,"Dubai, United Arab Emirates ",Full TimeWork From HomeExperienced  2+ Yrs of Exp  IT/Software Development  Engineering - Telecom/Technology  JavaScript  Django  Python  Software Development  PostgreSQL  Computer Science  Engineering  Git,/jobs/p/YX9fNGWWWV9P-Python-Django-Developer-Dubai-United-Arab-Emirates?o=10&l=sp&t=sj&a=python|search-v3|hpb,,
Python Django Developer,Mentor Seven -,1 month ago,"New Cairo, Cairo, Egypt ",Full TimeEntry Level  1+ Yrs of Exp  IT/Software Development  Engineering - Telecom/Technology  Computer Science  Django  Python  Python Django  Software Development  Information Technology (IT)  ORM  Telecom Engineering,/jobs/p/HlE4ETTJSs9i-Python-Django-Developer-Mentor-Seven-Cairo-Egypt?o=11&l=sp&t=sj&a=python|search-v3|hpb,,
Junior Python Developer,RDI -,1 month ago,"Dokki, Giza, Egypt ",Full TimeEntry Level  1+ Yrs of Exp  IT/Software Development  Engineering - Telecom/Technology  Python  SQL  MySQL  RESTful  JavaScript  Django  Flask  Docker,/jobs/p/0yvTijkcosNQ-Junior-Python-Developer-RDI-Giza-Egypt?o=12&l=sp&t=sj&a=python|search-v3|hpb,,
AI Engineer,TensorGraph -,2 months ago,"Maadi, Cairo, Egypt ",Full TimeExperienced  2 - 4 Yrs of Exp  IT/Software Development  AI  Algorithms  chatbot  Computer Science  NodeJS  Python  Programming  Engineering,/jobs/p/DhWbOLFDnAn1-AI-Engineer-TensorGraph-Cairo-Egypt?o=13&l=sp&t=sj&a=python|search-v3|hpb,,
GIS Developer,Perfect Presentation -,2 months ago,"6th of October, Giza, Egypt ",Full TimeExperienced  4 - 7 Yrs of Exp  IT/Software Development  GIS  JavaScript  Software Development  HTML  Python  SQL  CSS,/jobs/p/lgUaD1YZxhmY-GIS-Developer-Perfect-Presentation-Giza-Egypt?o=14&l=sp&t=sj&a=python|search-v3|hpb,,
Senior Embedded System Engineer,Confidential -,9 days ago,"6th of October, Giza, Egypt ",Full TimeExperienced  2 - 6 Yrs of Exp  IT/Software Development  Manufacturing/Production  Engineering - Telecom/Technology  Python  Software Development  Software  Software Engineering  Electronics  Engineering  Design,/jobs/p/v7dG4P0lp0MH-Senior-Embedded-System-Engineer-Giza-Egypt?o=15&l=sp&t=sj&a=python|search-v3|hpb,,
Odoo Developer,Crevisoft Corporation -,3 days ago,"Maadi, Cairo, Egypt ",Full TimeExperienced  2 - 5 Yrs of Exp  IT/Software Development  Engineering - Telecom/Technology  Information Technology (IT)  Odoo  PostgreSQL  XML  Python  Computer Science  javaScript  HTML,/jobs/p/akrIAelAqQKc-Odoo-Developer-Crevisoft-Corporation-Cairo-Egypt?o=16&l=sp&t=sj&a=python|search-v3|hpb,,
Head of Data team,Edentech -,3 days ago,"Dokki, Giza, Egypt ",Full TimeManager  8+ Yrs of Exp  R&D/Science  IT/Software Development  Engineering - Telecom/Technology  apache Nifi  MongoDB  Computer Science  Data Analysis  Data Modeling  Python  Management,/jobs/p/JSUGAuHUWrXp-Head-of-Data-team-Edentech-Giza-Egypt?o=17&l=sp&t=sj&a=python|search-v3|hpb,,
Senior Data Management Engineer,BBI-Consultancy -,4 days ago,"Nasr City, Cairo, Egypt ",Full TimeExperienced  3 - 6 Yrs of Exp  IT/Software Development  Engineering - Telecom/Technology  Informatica  ODI  SSIS  Data Integration  ETL  Data Management  Information Technology (IT)  Communication skills,/jobs/p/XjXLoDFAcP7h-Senior-Data-Management-Engineer-BBI-Consultancy-Cairo-Egypt?o=18&l=sp&t=sj&a=python|search-v3|hpb,,
Senior Frontend Engineer - Angular,Remotecoders -,17 hours ago,"Maadi, Cairo, Egypt ",Full TimeExperienced  3 - 15 Yrs of Exp  IT/Software Development  Angular  AngularJS  JavaScript  Typescript  HTML5  CSS3  Python  Software  Software Development,/jobs/p/quqVOekV7kvk-Senior-Frontend-Engineer---Angular-Remotecoders-Cairo-Egypt?o=19&l=sp&t=sj&a=python|search-v3|hpb,,
Linux System Admin /Devops - Alexandria,Caduceus Lane -,9 days ago,"San Stefano, Alexandria, Egypt ",Full TimeExperienced  2 - 4 Yrs of Exp  IT/Software Development  HTTP  Information Technology (IT)  MySQL  Linux  Perl  Python  System Administration  DNS  Computer Science,/jobs/p/jEL88fZThDsW-Linux-System-Admin-Devops---Alexandria-Caduceus-Lane-Alexandria-Egypt?o=20&l=sp&t=sj&a=python|search-v3|hpb,,
Python Developer - Internship,TMentors -,9 days ago,"Maadi, Cairo, Egypt ",InternshipStudent  IT/Software Development  Engineering - Telecom/Technology  Computer Science  Python  Software Development  RPA  Data Science  AI  Machine Learning  Automation,/internship/ks2Azi1kboPo-Python-Developer---Internship-TMentors-Cairo-Egypt?o=21&l=sp&t=sj&a=python|search-v3|hpb,,
C++ Software Developer,Luxoft (A DXC Technology Company) -,2 months ago,"Cairo, Egypt ",Full TimeExperienced  3 - 8 Yrs of Exp  IT/Software Development  Engineering - Telecom/Technology  c++  Git  AUTOSAR  Linux  Agile  OOP  Python  Scrum,/jobs/p/wpCkmMS5x4K0-C-Software-Developer-Luxoft-A-DXC-Technology-Company-Cairo-Egypt?o=22&l=sp&t=sj&a=python|search-v3|hpb,,
Senior Ruby On Rails Developer - Remote,GetTechForce.com -,11 days ago,"Cairo, Egypt ",Full TimeWork From HomeExperienced  2+ Yrs of Exp  IT/Software Development  Engineering - Telecom/Technology  Ruby  Agile  Computer Science  CSS  DevOps  Engineering  HTML  Information Technology (IT),/jobs/p/RILSHWlbIyqY-Senior-Ruby-On-Rails-Developer---Remote-GetTechForce-com-Cairo-Egypt?o=23&l=sp&t=sj&a=python|search-v3|hpb,,
Senior DevOps Engineer,Luftborn -,16 days ago,"Heliopolis, Cairo, Egypt ",Full TimeExperienced  3 - 7 Yrs of Exp  IT/Software Development  Engineering - Telecom/Technology  AWS  Azure  DevOps  Docker  Git  Engineering  Computer Science  Networking,/jobs/p/dQc63MeKPfQ8-Senior-DevOps-Engineer-Luftborn-Cairo-Egypt?o=24&l=sp&t=sj&a=python|search-v3|hpb,,
Senior DevOps Engineer,Nana -,12 days ago,"Sheraton, Cairo, Egypt ",Full TimeExperienced  5 - 8 Yrs of Exp  IT/Software Development  Engineering - Telecom/Technology  Computer Science  DevOps  Docker  Engineering  Git  Information Technology (IT)  Jenkins  Linux,/jobs/p/62JsKGCRPO0O-Senior-DevOps-Engineer-Nana-Cairo-Egypt?o=25&l=sp&t=sj&a=python|search-v3|hpb,,
(Senior) Data Engineer (m/f/d),WorkMotion -,14 days ago,"Cairo, Egypt ",Full TimeWork From HomeExperienced  2 - 3 Yrs of Exp  IT/Software Development  Python  SQL  Data Engineering  Agile Software Development,/jobs/p/v8zvCdD1tnmv-Senior-Data-Engineer-mfd-WorkMotion-Cairo-Egypt?o=26&l=sp&t=sj&a=python|search-v3|hpb,,
Software Tester,Etisalat Egypt -,9 days ago,"Maadi, Cairo, Egypt ",Full TimeExperienced  2+ Yrs of Exp  IT/Software Development  Quality  Engineering - Telecom/Technology  Computer Science  Automation  Information Technology (IT)  Science  Design  Quality Control  Software,/jobs/p/wH0tykSjmt38-Software-Tester-Etisalat-Egypt-Cairo-Egypt?o=27&l=sp&t=sj&a=python|search-v3|hpb,,
Odoo Developer,Yodawy -,10 days ago,"Mohandessin, Giza, Egypt ",Full TimeExperienced  2 - 4 Yrs of Exp  IT/Software Development  Engineering - Telecom/Technology  Odoo  Software Development  GitHub  HTML  PostgreSQL  JavaScript  JQuery  ORM,/jobs/p/VjbYVmalTdco-Odoo-Developer-Yodawy-Giza-Egypt?o=28&l=sp&t=sj&a=python|search-v3|hpb,,
Senior BI Developer,LINK Development -,10 days ago,"Maadi, Cairo, Egypt ",Full TimeExperienced  3 - 5 Yrs of Exp  IT/Software Development  Engineering - Telecom/Technology  T-SQL  OLAP  BI  SQL  SSRS  ETL  Power BI  Data Warehouse,/jobs/p/Asr3KKEmiMLz-Senior-BI-Developer-LINK-Development-Cairo-Egypt?o=29&l=sp&t=sj&a=python|search-v3|hpb,,
Odoo Developer,Sierra Engineering & Manufacturing -,19 days ago,"Cairo, Egypt ",Full TimeExperienced  3+ Yrs of Exp  IT/Software Development  Engineering - Telecom/Technology  Agile  API  Computer Science  Design  Development  Git  HTML  Information Technology (IT),/jobs/p/VgSq9HPRta6g-Odoo-Developer-Sierra-Engineering-Manufacturing-Cairo-Egypt?o=30&l=sp&t=sj&a=python|search-v3|hpb,,
Software Engineer,Shebak -,16 days ago,"Smart Village, Giza, Egypt ",Full TimeEntry Level  0 - 2 Yrs of Exp  IT/Software Development  Engineering - Telecom/Technology  Python  Computer Science  PostgreSQL  C++  Meta-Classes  Git  Unix  Linux,/jobs/p/2GXWc6P28KME-Software-Engineer-Shebak-Giza-Egypt?o=31&l=sp&t=sj&a=python|search-v3|hpb,,
Senior Backend Engineer - Python,Trufla -,2 months ago,"Heliopolis, Cairo, Egypt ",Full TimeExperienced  4+ Yrs of Exp  IT/Software Development  Engineering - Telecom/Technology  Agile  APIs  AWS  Computer Science  Git  Linux  Python  REST,/jobs/p/EGd9bPLppMK6-Senior-Backend-Engineer---Python-Trufla-Cairo-Egypt?o=32&l=sp&t=sj&a=python|search-v3|hpb,,
Odoo Developer,Alarabia Group -,17 days ago,"10th of Ramadan City, Cairo, Egypt ",Full TimeWork From HomeExperienced  2 - 6 Yrs of Exp  Installation/Maintenance/Repair  IT/Software Development  Engineering - Telecom/Technology  Computer Engineering  Computer Science  Engineering  CSS  Git  HTML  Information Technology (IT),/jobs/p/74V42lj5ahVt-Odoo-Developer-Alarabia-Group-Cairo-Egypt?o=33&l=sp&t=sj&a=python|search-v3|hpb,,
System Administrator,Crevisoft Corporation -,17 days ago,"Maadi, Cairo, Egypt ",Full TimeExperienced  2 - 5 Yrs of Exp  IT/Software Development  Information Technology (IT)  IT  network  Software  System Administration  Documentation  networks  LAN  MCSA,/jobs/p/FJb0plXaPPnU-System-Administrator-Crevisoft-Corporation-Cairo-Egypt?o=34&l=sp&t=sj&a=python|search-v3|hpb,,
Junior Odoo Developer,aliaict -,18 days ago,"Nasr City, Cairo, Egypt ",Full TimeExperienced  2 - 4 Yrs of Exp  IT/Software Development  Engineering - Telecom/Technology  Computer Science  CSS  Agile  Information Technology (IT)  HTML  Software Development  Odoo  Programming,/jobs/p/8nLvJcJGYtGl-Junior-Odoo-Developer-aliaict-Cairo-Egypt?o=35&l=sp&t=sj&a=python|search-v3|hpb,,
Data Science Software Engineer Intern,Seuqel Solutions -,19 days ago,"Cairo, Egypt ",InternshipStudent  IT/Software Development  Engineering - Telecom/Technology  Computer Science  Algorithms  Information Technology (IT)  Python  Software  Software Development  Software Engineering  Programming,/internship/ExucaSTaI06d-Data-Science-Software-Engineer-Intern-Seuqel-Solutions-Cairo-Egypt?o=36&l=sp&t=sj&a=python|search-v3|hpb,,
Senior Devops Engineer,Caelum Egypt -,19 days ago,"Dokki, Giza, Egypt ",Full TimeExperienced  3+ Yrs of Exp  IT/Software Development  Engineering - Telecom/Technology  Computer Science  Docker  DevOps  Engineering  Git  Linux  Python  Information Technology (IT),/jobs/p/rxTVBFsMJ5XZ-Senior-Devops-Engineer-Caelum-Egypt-Giza-Egypt?o=37&l=sp&t=sj&a=python|search-v3|hpb,,
Senior Python (Django) Engineer,GetTechForce.com -,2 months ago,"Cairo, Egypt ",Full TimeWork From HomeExperienced  3 - 20 Yrs of Exp  IT/Software Development  Engineering - Telecom/Technology  Development  Computer Science  Python  Information Technology (IT)  Software Development  Web Applications  Software  Django,/jobs/p/VYoLHkdh5cpA-Senior-Python-Django-Engineer-GetTechForce-com-Cairo-Egypt?o=38&l=sp&t=sj&a=python|search-v3|hpb,,
Robotics / Computer Science Instructor for Students,Edu-Zone -,21 days ago,"Cairo, Egypt ",Full TimePart TimeEntry Level  1 - 3 Yrs of Exp  IT/Software Development  Engineering - Telecom/Technology  Education/Teaching  Software Development  Software Engineering  Java Software Development  Android Software  Computer Science  Computer Engineering  Computer Systems,/jobs/p/OmSDzyaHWXZ8-Robotics-Computer-Science-Instructor-for-Students-Edu-Zone-Cairo-Egypt?o=39&l=sp&t=sj&a=python|search-v3|hpb,,
Senior Full Stack Developer,Theexpertologists -,21 days ago,"Abu Qir, Alexandria, Egypt ",Full TimeExperienced  2 - 4 Yrs of Exp  IT/Software Development  HTML  JavaScript  MySQL  Python,/jobs/p/UaU6kWlxZzxN-Senior-Full-Stack-Developer-Theexpertologists-Alexandria-Egypt?o=40&l=sp&t=sj&a=python|search-v3|hpb,,
Senior Computer Vision Engineer,Atomica -,18 days ago,"Cairo, Egypt ",Full TimeWork From HomeExperienced  3+ Yrs of Exp  IT/Software Development  Engineering - Telecom/Technology  Computer Engineering  Mathematics  Software Development  Software Engineering  C++  Git  Research  computer,/jobs/p/tohljeh0E3id-Senior-Computer-Vision-Engineer-Atomica-Cairo-Egypt?o=41&l=sp&t=sj&a=python|search-v3|hpb,,
Devops Engineer,Perfect Presentation -,23 days ago,"6th of October, Giza, Egypt ",Full TimeExperienced  5 - 7 Yrs of Exp  IT/Software Development  DevOps  AWS  Computer Science  Docker  Git  Information Technology (IT)  Java  Linux  MongoDB,/jobs/p/s8R3KSuMbQz2-Devops-Engineer-Perfect-Presentation-Giza-Egypt?o=42&l=sp&t=sj&a=python|search-v3|hpb,,
Senior Odoo Developer,Ejadtech -,26 days ago,"Dokki, Giza, Egypt ",Full TimeExperienced  4 - 5 Yrs of Exp  IT/Software Development  Engineering - Telecom/Technology  Computer Science  Git  HTML  jQuery  JavaScript  XML  Development  Software Development,/jobs/p/6RZ8Uz58pxuQ-Senior-Odoo-Developer-Ejadtech-Giza-Egypt?o=43&l=sp&t=sj&a=python|search-v3|hpb,,
Front End Developer,Dafater -,24 days ago,"Nasr City, Cairo, Egypt ",Full TimeExperienced  3+ Yrs of Exp  IT/Software Development  Engineering - Telecom/Technology  Front-End Development  OOP  JavaScript  Computer Science  Information Technology (IT)  Programming  Software Development  Vue,/jobs/p/uaaPkG2jzu8R-Front-End-Developer-Dafater-Cairo-Egypt?o=44&l=sp&t=sj&a=python|search-v3|hpb,,
Senior Software Engineer - BackEnd,intella -,25 days ago,"Dokki, Giza, Egypt ",Full TimeExperienced  3 - 5 Yrs of Exp  IT/Software Development  Engineering - Telecom/Technology  backend  Computer Science  engineer  Software  Software Development  Software Engineering  Software engineer  Information Technology (IT),/jobs/p/5xPyRxe4a9A3-Senior-Software-Engineer---BackEnd-intella-Giza-Egypt?o=45&l=sp&t=sj&a=python|search-v3|hpb,,
Odoo Implementor,Egyptian Cultural Center -,24 days ago,"Nasr City, Cairo, Egypt ",Full TimeExperienced  3 - 5 Yrs of Exp  Installation/Maintenance/Repair  IT/Software Development  Engineering - Telecom/Technology  Computer Science  developer  Information Technology (IT)  Odoo Developer  Odoo  Python,/jobs/p/uJJxIvp9iXoB-Odoo-Implementor-Egyptian-Cultural-Center-Cairo-Egypt?o=46&l=sp&t=sj&a=python|search-v3|hpb,,
Linux System Administrator,Softxpert Incorporation  -,1 month ago,"Alexandria, Egypt ",Full TimeExperienced  2 - 4 Yrs of Exp  Administration  IT/Software Development  Engineering - Telecom/Technology  Administration  Linux  Engineering  Security  System Administration  AWS  Computer Science,/jobs/p/KpAFs7Yv9LO7-Linux-System-Administrator-Softxpert-Incorporation-Alexandria-Egypt?o=47&l=sp&t=sj&a=python|search-v3|hpb,,
Junior Software Engineer - BackEnd,intella -,1 month ago,"Dokki, Giza, Egypt ",Full TimeEntry Level  1 - 3 Yrs of Exp  IT/Software Development  Engineering - Telecom/Technology  backend  Computer Science  engineer  Software  Software Development  Software Engineering  Software engineer  Information Technology (IT),/jobs/p/66OKgBWCbutb-Junior-Software-Engineer---BackEnd-intella-Giza-Egypt?o=48&l=sp&t=sj&a=python|search-v3|hpb,,
Devops Engineer,ServerHub -,1 month ago,"Alexandria, Egypt ",Full TimeExperienced  3 - 5 Yrs of Exp  IT/Software Development  Engineering - Telecom/Technology  Ansible  Computer Science  Docker  DevOps  Information Technology (IT)  Gitlab  Nginx  Linux,/jobs/p/FndIBqCcVja8-Devops-Engineer-ServerHub-Alexandria-Egypt?o=49&l=sp&t=sj&a=python|search-v3|hpb,,
Senior Software Engineer - Alexandria,Softxpert Incorporation  -,1 month ago,"Alexandria, Egypt ",Full TimeExperienced  2 - 4 Yrs of Exp  IT/Software Development  Engineering - Telecom/Technology  Computer Science  Computer Engineering  PHP Development  Information Technology (IT)  Engineering  Software Development  Software Engineering  Problem Solving,/jobs/p/ciu4wgHXCdC4-Senior-Software-Engineer---Alexandria-Softxpert-Incorporation-Alexandria-Egypt?o=50&l=sp&t=sj&a=python|search-v3|hpb,,
Research Software Development Engineer L2,TensorGraph -,1 month ago,"Maadi, Cairo, Egypt ",Full TimeExperienced  2 - 4 Yrs of Exp  R&D/Science  IT/Software Development  Engineering - Telecom/Technology  Computer Science  Machine Learning  NodeJS  Python  AWS  Algorithms  Data Structures,/jobs/p/yhXbcd0M8byl-Research-Software-Development-Engineer-L2-TensorGraph-Cairo-Egypt?o=51&l=sp&t=sj&a=python|search-v3|hpb,,
Senior Devops Engineer,Expleo -,1 month ago,"Maadi, Cairo, Egypt ",Full TimeExperienced  3 - 5 Yrs of Exp  IT/Software Development  Engineering - Telecom/Technology  Engineering  Java  Information Technology (IT)  Azure DevOps Server  Git  Software Development  Computer Science  AWS,/jobs/p/OKUMOgQGxNs3-Senior-Devops-Engineer-Expleo-Cairo-Egypt?o=52&l=sp&t=sj&a=python|search-v3|hpb,,
Odoo Developer,Isky Development -,1 month ago,"6th of October, Giza, Egypt ",Full TimeEntry Level  1 - 3 Yrs of Exp  IT/Software Development  Engineering - Telecom/Technology  Computer Science  Information Technology (IT)  jQuery  Odoo  Python  Programming  PostgreSQL  XML,/jobs/p/4ygIWsQANgvp-Odoo-Developer-Isky-Development-Giza-Egypt?o=53&l=sp&t=sj&a=python|search-v3|hpb,,
Junior Software Tester,RDI -,1 month ago,"Dokki, Giza, Egypt ",Full TimeEntry Level  1 - 3 Yrs of Exp  IT/Software Development  Quality  Engineering - Telecom/Technology  Testing  Software Testing  QC  Quality Control  Automation Testing  API  JMeter,/jobs/p/7S2Rn45GPscM-Junior-Software-Tester-RDI-Giza-Egypt?o=54&l=sp&t=sj&a=python|search-v3|hpb,,
IoT Lab Specialist - Assiut,Cultiv -,1 month ago,"New Assuit, Assiut, Egypt ",Full TimeEntry Level  1 - 4 Yrs of Exp  IT/Software Development  Engineering - Telecom/Technology  Software Engineering  Software Development  Java  Python  Electronics  Altium  Proteus  Eagle,/jobs/p/frZlPb2rLp2o-IoT-Lab-Specialist---Assiut-Cultiv-Assiut-Egypt?o=55&l=sp&t=sj&a=python|search-v3|hpb,,
Linux System Administrator,OpenCode -,1 month ago,"Maadi, Cairo, Egypt ",Full TimeExperienced  2+ Yrs of Exp  IT/Software Development  Engineering - Telecom/Technology  Telecommunication  MNOs  VAS  SS7  VXML  ISUP  MAP  CAP,/jobs/p/o1ADUw6zuPZ7-Linux-System-Administrator-OpenCode-Cairo-Egypt?o=56&l=sp&t=sj&a=python|search-v3|hpb,,
Junior Odoo Developer,Ulemt -,1 month ago,"New Cairo, Cairo, Egypt ",Full TimeEntry Level  1 - 2 Yrs of Exp  IT/Software Development  Engineering - Telecom/Technology  HTML  Git  Odoo  XML  Information Technology (IT)  Software Engineering  JavaScript  PostgreSQL,/jobs/p/5riYybXp5agc-Junior-Odoo-Developer-Ulemt-Cairo-Egypt?o=57&l=sp&t=sj&a=python|search-v3|hpb,,
Senior .NET Full Stack Developer (.NET Core & Angular),Lumin -,1 month ago,"Sheikh Zayed, Giza, Egypt ",Full TimeExperienced  4+ Yrs of Exp  males_only  IT/Software Development  Engineering - Telecom/Technology  ASP.NET  ADO.NET  C#.Net  .NET  .NEt Full Stack Developer  Full Stack Developer  java  Python,/jobs/p/gFQia4H6R8ce-Senior-NET-Full-Stack-Developer-NET-Core-Angular-Excel-Systems-Giza-Egypt?o=58&l=sp&t=sj&a=python|search-v3|hpb,,
SOC L2 Engineer,ZINAD IT -,1 month ago,"New Cairo, Cairo, Egypt ",Full TimeExperienced  4 - 5 Yrs of Exp  IT/Software Development  Engineering - Telecom/Technology  Information Technology (IT)  Networking  Computer Science  information security  Network  Engineering  Computer Engineering  FTP,/jobs/p/GdZbDBMOaB2o-SOC-L2-Engineer-ZINAD-IT-Cairo-Egypt?o=59&l=sp&t=sj&a=python|search-v3|hpb,,
Senior ETL Developer,Gap Polymers  -,1 month ago,"Maadi, Cairo, Egypt ",Full TimeExperienced  3 - 5 Yrs of Exp  IT/Software Development  Engineering - Telecom/Technology  Database  Computer Science  SQL  SQL Server  SSIS  ETL  Power BI  Data Warehousing,/jobs/p/2O2Sm5avkfAA-Senior-ETL-Developer-Gap-Polymers-Cairo-Egypt?o=60&l=sp&t=sj&a=python|search-v3|hpb,,
Linux Administrator,Perfect Presentation -,2 months ago,"6th of October, Giza, Egypt ",Full TimeExperienced  7+ Yrs of Exp  Installation/Maintenance/Repair  IT/Software Development  Engineering - Telecom/Technology  Linux  System Administration  DNS  HTTP  LDAP  MySQL  Python,/jobs/p/BK0qnTejTyrV-Linux-Administrator-Perfect-Presentation-Giza-Egypt?o=61&l=sp&t=sj&a=python|search-v3|hpb,,
Odoo Software Developer,Egytrans -,2 months ago,"Shatby, Alexandria, Egypt ",Full TimeEntry Level  1 - 2 Yrs of Exp  IT/Software Development  Engineering - Telecom/Technology  Software Development  Computer Science  Information Technology (IT)  Software  Software Engineering  English  Java  Management,/jobs/p/TQZzh38xnn0B-Odoo-Software-Developer-Egytrans-Alexandria-Egypt?o=62&l=sp&t=sj&a=python|search-v3|hpb,,
Devops Engineer,Dealtio -,2 months ago,"Nasr City, Cairo, Egypt ",Full TimeExperienced  2 - 3 Yrs of Exp  IT/Software Development  Engineering - Telecom/Technology  Computer Science  Docker  DevOps  Information Technology (IT)  Jenkins  Linux  Python  Software Development,/jobs/p/xrrPA98DTOXN-Devops-Engineer-Dealtio-Cairo-Egypt?o=63&l=sp&t=sj&a=python|search-v3|hpb,,
senior linux Administrator,ServerHub -,2 months ago,"Cairo, Egypt ",Full TimeExperienced  4 - 7 Yrs of Exp  Installation/Maintenance/Repair  IT/Software Development  Engineering - Telecom/Technology  Linux  Information Technology (IT)  Administration  Business Administration  Docker  Networking  Python,/jobs/p/butmNsrxSzBw-senior-linux-Administrator-ServerHub-Cairo-Egypt?o=64&l=sp&t=sj&a=python|search-v3|hpb,,
Senior Machine Learning Engineer,Media Sci -,2 months ago,"New Cairo, Cairo, Egypt ",Full TimeWork From HomeExperienced  5+ Yrs of Exp  IT/Software Development  Engineering - Telecom/Technology  Computer Science  Algorithms  Information Technology (IT)  Machine Learning  Software Engineering  Python  OOP  NLP,/jobs/p/YDxhBIJimaOR-Senior-Machine-Learning-Engineer-Media-Sci-Cairo-Egypt?o=65&l=sp&t=sj&a=python|search-v3|hpb,,
Senior Java Developer,Media Sci -,2 months ago,"New Cairo, Cairo, Egypt ",Full TimeWork From HomeExperienced  5+ Yrs of Exp  IT/Software Development  Engineering - Telecom/Technology  Computer Science  Information Technology (IT)  Python  MySQL  Software Development  Software Engineering  SOAP  Git,/jobs/p/1TQAeepNOzTT-Senior-Java-Developer-Media-Sci-Cairo-Egypt?o=66&l=sp&t=sj&a=python|search-v3|hpb,,
Network Integrator (Telecommunications),OpenCode -,2 months ago,"Maadi, Cairo, Egypt ",Full TimeExperienced  3+ Yrs of Exp  IT/Software Development  Engineering - Telecom/Technology  SMPP  INAP  HLR  Perl  PHP  Python  SS7  Sigtran,/jobs/p/kn28XlWn10nc-Network-Integrator-Telecommunications-OpenCode-Cairo-Egypt?o=67&l=sp&t=sj&a=python|search-v3|hpb,,
STEM Academy Manager,TechAdemics -,2 months ago,"New Cairo, Cairo, Egypt ",Full TimeManager  1 - 3 Yrs of Exp  females_only  Engineering - Telecom/Technology  Engineering - Mechanical/Electrical  Education/Teaching  Teaching  Computer Science  Education  Electronics  STEM  Programming  Robotics,/jobs/p/Zxo4vPqKtGk6-STEM-Academy-Manager-TechAdemics-Cairo-Egypt?o=68&l=sp&t=sj&a=python|search-v3|hpb,,
Sr. BI & Reporting Specialist,Masary -,2 months ago,"Mokattam, Cairo, Egypt ",Full TimeExperienced  2 - 4 Yrs of Exp  IT/Software Development  Engineering - Telecom/Technology  Power BI  OBIEE  MS Office  Banking Sector  Computer Science  Information Technology (IT)  English  Power,/jobs/p/1x585k0sAF9h-Sr-BI-Reporting-Specialist-Masary-Cairo-Egypt?o=69&l=sp&t=sj&a=python|search-v3|hpb,,
STEM Teacher,TechAdemics -,2 months ago,"New Cairo, Cairo, Egypt ",Full TimeEntry Level  1 - 3 Yrs of Exp  IT/Software Development  Engineering - Telecom/Technology  Education/Teaching  Teaching  Computer Science  Education  Electronics  STEM  Programming  Robotics,/jobs/p/WNaSO7Q2z1MZ-STEM-Teacher-TechAdemics-Cairo-Egypt?o=70&l=sp&t=sj&a=python|search-v3|hpb,,
PHP Lead,LINK Development -,2 months ago,"Maadi, Cairo, Egypt ",Full TimeWork From HomeManager  5 - 15 Yrs of Exp  IT/Software Development  Operations/Management  Engineering - Telecom/Technology  PHP  Computer Science  Information Technology (IT)  Software Development  Engineering  Laravel  Drupal,/jobs/p/ZUjygkHetlFH-PHP-Lead-LINK-Development-Cairo-Egypt?o=71&l=sp&t=sj&a=python|search-v3|hpb,,
Cloud Solution Engineer - Network\Cloud,Link Datacenter -,2 months ago,"Giza, Egypt ",Full TimeExperienced  2 - 4 Yrs of Exp  Installation/Maintenance/Repair  IT/Software Development  Engineering - Telecom/Technology  Azure  Cloud  Computer Engineering  Computer Science  Docker  Engineering  Information Technology (IT),/jobs/p/Ux19TOF5VP6H-Cloud-Solution-Engineer---NetworkCloud-Link-Datacenter-Giza-Egypt?o=72&l=sp&t=sj&a=python|search-v3|hpb,,
System Engineer,Link Datacenter -,2 months ago,"Giza, Egypt ",Full TimeEntry Level  1 - 3 Yrs of Exp  Installation/Maintenance/Repair  IT/Software Development  Engineering - Telecom/Technology  Computer Engineering  Computer Science  Engineering  English  Information Technology (IT)  Linux  MySQL,/jobs/p/39BgrEPMTBbr-System-Engineer-Link-Datacenter-Giza-Egypt?o=73&l=sp&t=sj&a=python|search-v3|hpb,,
Senior Cloud Cybersecurity Specialist,Ejada  -,2 months ago,"Jeddah, Saudi Arabia ",Full TimeExperienced  5 - 15 Yrs of Exp  IT/Software Development  Engineering - Telecom/Technology  Cisco  Cloud  Computer Science  CISA  GIAC  CISSP  CASP  GCIH,/jobs/p/588vMS0A1gvt-Senior-Cloud-Cybersecurity-Specialist-Ejada-Cairo-Jeddah-Saudi-Arabia?o=74&l=sp&t=sj&a=python|search-v3|hpb,,
Full Stack Developer,Khales -,2 months ago,"Giza, Egypt ",Full TimeExperienced  3 - 5 Yrs of Exp  IT/Software Development  Engineering - Telecom/Technology  back-end  Agile  Python  API  Java  Web Development  Development  Bootstrap,/jobs/p/X94ykOAWiSr9-Full-Stack-Developer-Khales-Giza-Egypt?o=75&l=sp&t=sj&a=python|search-v3|hpb,,
Odoo Developer,National Technology -,22 hours ago,"Nasr City, Cairo, Egypt ",Full TimeEntry Level  1 - 2 Yrs of Exp  Installation/Maintenance/Repair  IT/Software Development  Engineering - Telecom/Technology  Communication skills  Computer Science  Information Technology (IT)  Odoo  Python  Telecom Engineering,/jobs/p/TnisP1j0yYmc-Odoo-Developer-National-Technology-Cairo-Egypt?o=76&l=sp&t=sj&a=python|search-v3|hpb,,
Test Automation Engineer (QC),TMentors -,1 day ago,"Maadi, Cairo, Egypt ",Full TimeEntry Level  0 - 2 Yrs of Exp  IT/Software Development  Quality  Engineering - Telecom/Technology  Python  Programming  Quality Assurance  C#  Test Automation  Software Testing  Quality Control,/jobs/p/2P1CgEZDeaNj-Test-Automation-Engineer-QC-TMentors-Cairo-Egypt?o=77&l=sp&t=sj&a=python|search-v3|hpb,,
Full Stack Developer,Confidential -,2 days ago,"Sheraton, Cairo, Egypt ",Full TimeExperienced  2 - 5 Yrs of Exp  IT/Software Development  Engineering - Telecom/Technology  Computer Science  CSS  HTML  PHP  Python  Information Technology (IT)  MySQL  SQL,/jobs/p/OgB4GNmqXPv7-Full-Stack-Developer-Cairo-Egypt?o=78&l=sp&t=sj&a=python|search-v3|hpb,,
Devops Engineer,waffarha.com -,2 days ago,"Abbassia, Cairo, Egypt ",Full TimeExperienced  2 - 3 Yrs of Exp  IT/Software Development  Engineering - Telecom/Technology  Computer Science  DevOps  AWS  Docker  Git  Jenkins  Linux  MongoDB,/jobs/p/HEpu26CLgFuy-Devops-Engineer-waffarha-com-Cairo-Egypt?o=79&l=sp&t=sj&a=python|search-v3|hpb,,
Odoo Developer,Homesde -,8 days ago,"Cairo, Egypt ",Full TimePart TimeExperienced  3+ Yrs of Exp  IT/Software Development  Odoo  Odoo Development  Odoo ERP  HTML  JavaScript  Software Development,/jobs/p/3gK9v23RTwon-Odoo-Developer-Homesde-Cairo-Egypt?o=80&l=sp&t=sj&a=python|search-v3|hpb,,
Senior DevOps Engineer,Luxoft (A DXC Technology Company) -,2 months ago,"Cairo, Egypt ",Full TimeExperienced  4 - 10 Yrs of Exp  IT/Software Development  DevOps  Agile  Git  Java  Gitlab  Kubernetes  Docker  Prometheus  Grafana,/jobs/p/C2gkNVCJLj3m-Senior-DevOps-Engineer-Luxoft-A-DXC-Technology-Company-Cairo-Egypt?o=81&l=sp&t=sj&a=python|search-v3|hpb,,
Image processing team lead,Edentech -,2 months ago,"Dokki, Giza, Egypt ",Full TimeManager  7 - 15 Yrs of Exp  Engineering - Other  Computer Science  Engineering  Image Processing  Data Science  Machine Learning  Convolutional Neural Networks (CNN)  Algorithms  Artificial Intelligence (AI),/jobs/p/fWnHC9V0RgdM-Image-processing-team-lead-Edentech-Giza-Egypt?o=82&l=sp&t=sj&a=python|search-v3|hpb,,
Technical Project Manager,Pixi For Technology -,2 months ago,"Cairo, Egypt ",Full TimeManager  5 - 12 Yrs of Exp  IT/Software Development  Project/Program Management  Technical Project Management  Information Technology (IT)  Project Manager  Business Analysis,/jobs/p/MUWWysyT5Pvh-Technical-Project-Manager-Pixi-For-Technology-Cairo-Egypt?o=83&l=sp&t=sj&a=python|search-v3|hpb,,
MIS Specialist,Etisalat Egypt -,2 months ago,"Maadi, Cairo, Egypt ",Full TimeEntry Level  1 - 2 Yrs of Exp  IT/Software Development  Operations/Management  Engineering - Telecom/Technology  workforce  MIS  Call Center  Business Administration  Computer Science  Microsoft Office  MS Office,/jobs/p/tFEshJrrzVG1-MIS-Specialist-Etisalat-Egypt-Cairo-Egypt?o=84&l=sp&t=sj&a=python|search-v3|hpb,,
"Senior/Regular C++ SW Developer, Remote Egypt",Luxoft (A DXC Technology Company) -,16 days ago,"New Cairo, Cairo, Egypt ",Full TimeExperienced  3 - 5 Yrs of Exp  IT/Software Development  C++  Automotive,/jobs/p/iJNf8CsQLBuI-SeniorRegular-C-SW-Developer-Remote-Egypt-Luxoft-A-DXC-Technology-Company-Cairo-Egypt?o=85&l=sp&t=sj&a=python|search-v3|hpb,,
Front End Developer,Realikea -,10 days ago,"Cairo, Egypt ",InternshipEntry Level  Creative/Design/Art  IT/Software Development  Engineering - Telecom/Technology  Front end  Front end developer  Information Technology (IT)  Software Development  JavaScript  Web  Computer Science,/internship/T8MiMTBauoxy-Front-End-Developer-Realikea-Cairo-Egypt?o=86&l=sp&t=sj&a=python|search-v3|hpb,,
Linux Administrator,Houya Arrow -,11 days ago,"Cairo, Egypt ",Full TimeManager  5+ Yrs of Exp  Installation/Maintenance/Repair  IT/Software Development  Engineering - Telecom/Technology  Information Technology (IT)  Linux  Linux administrator  System Administration,/jobs/p/rUpV8MHAwXNR-Linux-Administrator-Houya-Arrow-Cairo-Egypt?o=87&l=sp&t=sj&a=python|search-v3|hpb,,
Full Stack Developer (PHP),Confidential -,1 month ago,"Cairo, Egypt ",Full TimeWork From HomeExperienced  5 - 8 Yrs of Exp  IT/Software Development  Engineering - Telecom/Technology  Angular  Computer Science  HTML  Information Technology (IT)  jQuery  Software Development  PHP  SQL,/jobs/p/2UUHLY3mumUD-Full-Stack-Developer-PHP-Cairo-Egypt?o=88&l=sp&t=sj&a=python|search-v3|hpb,,
Senior Solution Architect (Hybrid),SSC Egypt -,24 days ago,"Cairo, Egypt ",Full TimeManager  7 - 12 Yrs of Exp  IT/Software Development  .Net  Architect  Architecture  Design  Engineering  Java  Software Development  Solution Architecture  Computer Science,/jobs/p/NIdxsmtSwroH-Senior-Solution-Architect-Hybrid-SSC-Egypt-Cairo-Egypt?o=89&l=sp&t=sj&a=python|search-v3|hpb,,
Senior Devops Engineer,Neureveal -,18 days ago,"Cairo, Egypt ",Full TimeExperienced  3 - 8 Yrs of Exp  IT/Software Development  Azure  DevOps  Docker  Information Technology (IT)  Jenkins  Linux  SQL  Automation  Computer Science,/jobs/p/dkY9x98cui1S-Senior-Devops-Engineer-Neureveal-Cairo-Egypt?o=90&l=sp&t=sj&a=python|search-v3|hpb,,
Senior Consultant - Oracle (Database expert),Efada Technology -,2 days ago,"New Cairo, Cairo, Egypt ",Full TimeExperienced  6 - 14 Yrs of Exp  IT/Software Development  Engineering - Telecom/Technology  Computer Science  Information Technology (IT)  Engineering  Project Management  Oracle  Telco  IT landscape  datacenter,/jobs/p/89W0le46Kcmk-Senior-Consultant---Oracle-Database-expert-Efada-Technology-Cairo-Egypt?o=91&l=sp&t=sj&a=python|search-v3|hpb,,
"ASIC Hardware Engineer - Graduate - Cairo, Egypt",Cisco -,3 days ago,"Cairo, Egypt ",Full TimeEntry Level  0 - 2 Yrs of Exp  IT/Software Development  Engineering - Telecom/Technology  Engineering - Mechanical/Electrical  Computer Engineering  Computer Hardware  Electronics  Engineering  Hardware  Computer Science  computer,/jobs/p/CCKs8ddSWwKU-ASIC-Hardware-Engineer---Graduate---Cairo-Egypt-Cisco-Cairo-Egypt?o=92&l=sp&t=sj&a=python|search-v3|hpb,,
Java Developer,Premier Services and Recruitment -,4 days ago,"Maadi, Cairo, Egypt ",Full TimeExperienced  2 - 10 Yrs of Exp  IT/Software Development  Back End Developer  Front end developer  JavaScript  Java  SQL,/jobs/p/xlpe3zsxLxwZ-Java-Developer-Premier-Services-and-Recruitment-Cairo-Egypt?o=93&l=sp&t=sj&a=python|search-v3|hpb,,
Data Scientist,DBS -,18 days ago,"Maadi, Cairo, Egypt ",Full TimeExperienced  2 - 4 Yrs of Exp  IT/Software Development  Analyst/Research  Engineering - Telecom/Technology  Computer Science  Information Technology (IT)  Data,/jobs/p/k0oo0Nd9BTyF-Data-Scientist-DBS-Cairo-Egypt?o=94&l=sp&t=sj&a=python|search-v3|hpb,,
Procurement Planner,Confidential -,19 days ago,"Giza, Egypt ",Full TimeExperienced  6 - 10 Yrs of Exp  Logistics/Supply Chain  Purchasing/Procurement  Supply Chain  Logistics  Procurement  Purchasing  Planning,/jobs/p/Ns7MauLXGQT0-Procurement-Planner-Giza-Egypt?o=95&l=sp&t=sj&a=python|search-v3|hpb,,
"Web/Hybrid App Developer (Angular, Ionic)",Trendster -,26 days ago,"New Cairo, Cairo, Egypt ",Full TimeWork From HomeExperienced  3 - 5 Yrs of Exp  IT/Software Development  Computer Science  Information Technology (IT)  REST  Software Development  SQL  Web Development  Angular  App Store  Android,/jobs/p/kBQW8Yk9JsYx-WebHybrid-App-Developer-Angular-Ionic-Trendster-Cairo-Egypt?o=96&l=sp&t=sj&a=python|search-v3|hpb,,
Web Developer - Remote Job,Confidential -,1 month ago,"Sharjah, United Arab Emirates ",Part TimeWork From HomeExperienced  2 - 7 Yrs of Exp  Creative/Design/Art  IT/Software Development  Engineering - Telecom/Technology  JavaScript  React.js  WordPress  Creative Design  Web Development  SEO  Software Development,/jobs/p/wBzzh3tVnXdP-Web-Developer---Remote-Job-Sharjah-United-Arab-Emirates?o=97&l=sp&t=sj&a=python|search-v3|hpb,,
"Data Analyst, Egypt Impact Lab",National Institute for Governance and Development -,1 month ago,"Nasr City, Cairo, Egypt ",Full TimeExperienced  2 - 5 Yrs of Exp  Analyst/Research  Customer Experience  Computer Science  Database SQL Server  Business Analysis,/jobs/p/pupdhlXqPr2x-Data-Analyst-Egypt-Impact-Lab-National-Institute-for-Governance-and-Development-Cairo-Egypt?o=98&l=sp&t=sj&a=python|search-v3|hpb,,
Lead Full Stack Developer,Confidential -,9 days ago,"Heliopolis, Cairo, Egypt ",Full TimeExperienced  8 - 12 Yrs of Exp  IT/Software Development  Engineering - Telecom/Technology  Engineering  Computer Engineering  Software Development  Information Technology (IT)  English  Computer Science,/jobs/p/tQxgaVSzvtip-Lead-Full-Stack-Developer-Cairo-Egypt?o=99&l=sp&t=sj&a=python|search-v3|hpb,,
Data Scientist Engineer,Globaction -,1 month ago,"6th of October, Giza, Egypt ",Full TimeEntry Level  1+ Yrs of Exp  IT/Software Development  Engineering - Telecom/Technology  Data Science  5S Lean Manufacturing Methodology  Lean Six Sigma  data analyst  Manufacturing Industry  PHD,/jobs/p/mg3J9XEfvNSp-Data-Scientist-Engineer-Globaction-Giza-Egypt?o=100&l=sp&t=sj&a=python|search-v3|hpb,,
Senior System Administrator - Linux Expert,EGID company -,18 days ago,"New Cairo, Cairo, Egypt ",Full TimeExperienced  5 - 7 Yrs of Exp  IT/Software Development  Engineering - Telecom/Technology  Information Technology (IT)  Computer Science  System Administration  System administrator  Troubleshooting  Linux  Red Hat Certified System Administrator  Linux Professional Institute,/jobs/p/7eZjj8PYv6aI-Senior-System-Administrator---Linux-Expert-EGID-company-Cairo-Egypt?o=101&l=sp&t=sj&a=python|search-v3|hpb,,
Senior BI Developer,Lumin -,18 days ago,"Sheikh Zayed, Giza, Egypt ",Full TimeExperienced  3+ Yrs of Exp  IT/Software Development  Engineering - Telecom/Technology  SSIS  Microsoft Power BI  BI technologies  ETL  OLAP  BI Developer  Oracle BI  SQL queries,/jobs/p/hADeVfWvhV6Q-Senior-BI-Developer-Excel-Systems-Giza-Egypt?o=102&l=sp&t=sj&a=python|search-v3|hpb,,
Business Solutions & PMO - German Speaker,Efada Technology -,18 days ago,"New Cairo, Cairo, Egypt ",Full TimeEntry Level  1 - 3 Yrs of Exp  IT/Software Development  Engineering - Telecom/Technology  Information Technology (IT)  Operations  Skills  technical  Troubleshooting  Business Solutions  PMO  Vodafone Germany,/jobs/p/qMhsYx6DOO0Z-Business-Solutions-PMO---German-Speaker-Efada-Technology-Cairo-Egypt?o=103&l=sp&t=sj&a=python|search-v3|hpb,,
IT Technical Support (Work Will Be Allocated In Africa),Confidential -,1 month ago,"Cairo, Egypt ",Full TimeExperienced  5 - 15 Yrs of Exp  Installation/Maintenance/Repair  IT/Software Development  Engineering - Telecom/Technology  Information Technology (IT)  Computer Hardware  Installation  Networks  Hardware  LAN  WAN,/jobs/p/rKayHyYA4XAD-IT-Technical-Support-Work-Will-Be-Allocated-In-Africa-Cairo-Egypt?o=104&l=sp&t=sj&a=python|search-v3|hpb,,
Web Developer,talento -,19 days ago,"Cairo, Egypt ",Full TimeExperienced  3 - 5 Yrs of Exp  IT/Software Development  Web Development  Software Development  C++,/jobs/p/SpS5g5Afo2tS-Web-Developer-talento-Cairo-Egypt?o=105&l=sp&t=sj&a=python|search-v3|hpb,,
IT Application Development and Support Engineer,American International School -,22 days ago,"Sheikh Zayed, Giza, Egypt ",Full TimeExperienced  2 - 3 Yrs of Exp  IT/Software Development  Engineering - Telecom/Technology  Software Development  Information Technology (IT)  Software  Engineering  HTML  English  Database  Development,/jobs/p/U2csOCYpIU8L-IT-Application-Development-and-Support-Engineer-American-International-School-Giza-Egypt?o=106&l=sp&t=sj&a=python|search-v3|hpb,,
Full Stack Developer,Paymint -,1 month ago,"Cairo, Egypt ",Full TimeExperienced  2+ Yrs of Exp  IT/Software Development  Engineering - Telecom/Technology  back-end  HTML5  PHP  Software Development  CSS  JavaScript  DevOps  Information Technology (IT),/jobs/p/PPTyC61x9NPl-Full-Stack-Developer-Paymint-Cairo-Egypt?o=107&l=sp&t=sj&a=python|search-v3|hpb,,
Junior Software Developer,Amriya Pharmaceutical Industries -,1 month ago,"Ameria, Alexandria, Egypt ",Full TimeEntry Level  0 - 2 Yrs of Exp  IT/Software Development  Engineering - Telecom/Technology  Information Technology (IT)  Computer Science  Engineering  Computer Engineering  Software Development,/jobs/p/6mxsu38sp272-Junior-Software-Developer-Amriya-Pharmaceutical-Industries-Alexandria-Egypt?o=108&l=sp&t=sj&a=python|search-v3|hpb,,
Kotlin Developer - FinTech,Bright Creations -,1 month ago,"Smart Village, Giza, Egypt ",Full TimeExperienced  4+ Yrs of Exp  IT/Software Development  Engineering - Telecom/Technology  Kotlin  Java  APIs  Engineering  RESTful  RESTful APIs  Software  Software Development,/jobs/p/tD1HfvrFFkiV-Kotlin-Developer---FinTech-Bright-Creations-Giza-Egypt?o=109&l=sp&t=sj&a=python|search-v3|hpb,,
Odoo Technical Team Leader,Ejadtech -,2 months ago,"Dokki, Giza, Egypt ",Full TimeManager  5 - 10 Yrs of Exp  IT/Software Development  Engineering - Telecom/Technology  Computer Science  Software Development  Architecture  Git  Information Technology (IT)  JavaScript  ORM  SQL,/jobs/p/tw5Ez35Oc2Wc-Odoo-Technical-Team-Leader-Ejadtech-Giza-Egypt?o=110&l=sp&t=sj&a=python|search-v3|hpb,,
Senior Odoo Developer,Blue Ribbon -,2 months ago,"New Cairo, Cairo, Egypt ",Full TimeExperienced  5+ Yrs of Exp  IT/Software Development  Engineering - Telecom/Technology  Information Technology (IT)  Software Development  Odoo  Computer Science  CSS  Git  HTML  JavaScript,/jobs/p/agIv6WyiyzOh-Senior-Odoo-Developer-Blue-Ribbon-Cairo-Egypt?o=111&l=sp&t=sj&a=python|search-v3|hpb,,
Unity Game Developer,Confidential -,2 months ago,"Badr City, Cairo, Egypt ",Full TimeExperienced  2 - 4 Yrs of Exp  Creative/Design/Art  IT/Software Development  Engineering - Telecom/Technology  Unity 3D  Design  Software Development  Scripting  Game  Git  GUI,/jobs/p/fEKrWpuFTyUo-Unity-Game-Developer-Cairo-Egypt?o=112&l=sp&t=sj&a=python|search-v3|hpb,,
Java Developer (FinTech),Bright Creations -,1 month ago,"Smart Village, Giza, Egypt ",Full TimeExperienced  4+ Yrs of Exp  IT/Software Development  Engineering - Telecom/Technology  back-end  APIs  Computer Science  Engineering  Software Development  Java  MVC  RESTful,/jobs/p/Tiaz4nYviy40-Java-Developer-FinTech-Bright-Creations-Giza-Egypt?o=113&l=sp&t=sj&a=python|search-v3|hpb,,
PHP Web Developer,(MSA) October University -,2 months ago,"6th of October, Giza, Egypt ",Full TimeExperienced  4 - 6 Yrs of Exp  IT/Software Development  Engineering - Telecom/Technology  Computer Engineering  Computer Science  HTML5  JavaScript  CSS3  Web Development  PHP  Laravel,/jobs/p/MbrcOgHvgPnS-PHP-Web-Developer-MSA-October-University-Giza-Egypt?o=114&l=sp&t=sj&a=python|search-v3|hpb,,
Branch Manager - (Software House Company),Houya Arrow -,2 months ago,"Cairo, Egypt ",Full TimeManager  5+ Yrs of Exp  Administration  Operations/Management  Management  Programming  IT Service Management  Software Development  Sales  sales skills  JavaScript  HTML,/jobs/p/LJSDgqiuaxZa-Branch-Manager---Software-House-Company-Houya-Arrow-Cairo-Egypt?o=115&l=sp&t=sj&a=python|search-v3|hpb,,
Business Development Analyst,Cilantro -,2 months ago,"Maadi, Cairo, Egypt ",Full TimeEntry Level  1 - 2 Yrs of Exp  Business Development  IT/Software Development  Analyst/Research  Business Development  business  BI  SQL  Microsoft Power BI  Business Analysis  Business Analytics,/jobs/p/GoCdQMMeBTqX-Business-Development-Analyst-Cilantro-Cairo-Egypt?o=116&l=sp&t=sj&a=python|search-v3|hpb,,
MIS / BI Specialist,Raya Customer Experience -,2 months ago,"6th of October, Giza, Egypt ",Full TimeExperienced  3 - 5 Yrs of Exp  Analyst/Research  Power BI  Microsoft Power BI  BI  SQL,/jobs/p/6ykEox5SQl2L-MIS-BI-Specialist-Raya-Customer-Experience-Giza-Egypt?o=117&l=sp&t=sj&a=python|search-v3|hpb,,
Senior Web & Mobile App Engineer,Infinity Clinic Pharma -,2 months ago,"Nasr City, Cairo, Egypt ",Full TimeExperienced  6 - 8 Yrs of Exp  males_only  IT/Software Development  Engineering - Telecom/Technology  Computer Science  Angular  Engineering  CSS  HTML  Information Technology (IT)  Java  PHP,/jobs/p/pe8vO1DaN6bP-Senior-Web-Mobile-App-Engineer-Infinity-Clinic-Pharma-Cairo-Egypt?o=118&l=sp&t=sj&a=python|search-v3|hpb,,
Snowflakes DW developer,FlairsTech -,2 months ago,"Maadi, Cairo, Egypt ",Full TimeExperienced  3 - 5 Yrs of Exp  IT/Software Development  SQL  ETL  Snowflake,/jobs/p/NCFm6413BhR7-Snowflakes-DW-developer-FlairsTech-Cairo-Egypt?o=119&l=sp&t=sj&a=python|search-v3|hpb,,
Release Engineering Manager,B.TECH -,2 months ago,"Nasr City, Cairo, Egypt ",Full TimeExperienced  3 - 5 Yrs of Exp  IT/Software Development  Project/Program Management  Quality  Project Management  E-Commerce,/jobs/p/ld4uDN2k6rNp-Release-Engineering-Manager-B-TECH-Cairo-Egypt?o=120&l=sp&t=sj&a=python|search-v3|hpb,,
Linux System Admin,BBI-Consultancy -,2 months ago,"Nasr City, Cairo, Egypt ",Full TimeExperienced  5 - 7 Yrs of Exp  Installation/Maintenance/Repair  IT/Software Development  Engineering - Telecom/Technology  AWS  Azure  Cloud  Database  Linux  System Administration  Information Technology (IT),/jobs/p/BCwl5qQSNPRz-Linux-System-Admin-BBI-Consultancy-Cairo-Egypt?o=121&l=sp&t=sj&a=python|search-v3|hpb,,
Desalination Design Engineer,Confidential -,2 months ago,"Cairo, Egypt ",Full TimeExperienced  4 - 10 Yrs of Exp  Engineering - Mechanical/Electrical  Engineering - Other  AutoCAD  Chemistry  Design  Engineering  Water Treatment  EPC Desalination,/jobs/p/FQfzTmL75q9a-Desalination-Design-Engineer-Cairo-Egypt?o=122&l=sp&t=sj&a=python|search-v3|hpb,,
DevOps Enginner (Remote),RemoteMore -,2 months ago,"Chicago, United States ",Full TimeWork From HomeExperienced  2+ Yrs of Exp  IT/Software Development  Engineering - Telecom/Technology  DevOps  AWS  Amazon AWS  Microsoft Azure  Azure DevOps Server  CI/CD pipelines  Docker  Ruby,/jobs/p/HpyAtC8usbIa-DevOps-Enginner-Remote-RemoteMore-Chicago-United-States?o=123&l=sp&t=sj&a=python|search-v3|hpb,,
